1;Max;Mustermann;01.01.2000;1111;max.mustermann@test.com;maxi123;
2;Martina;Musterfrau;03.02.2000;2222;martina.musterfrau@test.com;martina123;
3;jonas;Pfeifhofer;Sat Nov 06 00:00:00 CET 1999;777;dc@dc.com;figtenk;
5;adsf;dasf;Mon Apr 03 00:00:00 CEST 2017;777;a.a@a.com;asdf;
6;asdf;asdf;Thu Apr 13 00:00:00 CEST 2017;777;hallo@hallo.com;asdf;
7;Daniel;Mair;Fri Apr 07 00:00:00 CEST 2017;777;dani@gmail.com;asdf;
8;asdf;asdf;Wed Apr 05 00:00:00 CEST 2017;777;asdfasdfasdf@asdfsdafdasf.com;asdf;
9;asdf;asdf;Wed Apr 19 00:00:00 CEST 2017;777;halo@haldbf.com;asdf;
10;samuel;villgay;Wed Apr 19 00:00:00 CEST 2017;777;samu@gmail.com;asdfasdf;
11;testmann;testmann;Sun Apr 23 00:00:00 CEST 2017;777;test@test.com;asdf;
12;Michael;Obergasser;Thu Mar 07 00:00:00 CET 2002;777;michael.obergasser07@gmail.com;asdf;
12;asdf;dasf;Thu Apr 06 00:00:00 CEST 2017;777;asdf@asdf.com;asdf;
14;hallo;hallo;Wed Apr 12 00:00:00 CEST 2017;777;asdf@djasfkldjasf.com;asdf;
15;Klemens;Fertig;Fri Apr 14 00:00:00 CEST 2017;1234;klemens@gmail.com;asdf;
16;hallo;hallo;Thu Apr 06 00:00:00 CEST 2017;123123;hallo@gmail.dc;asdf;
17;asdfasdf;dfasdfas;Fri Apr 21 00:00:00 CEST 2017;23423;jhf@jbdgf.com;asdf;
